Address,link,price,beds,baths,sqft,view_yn,yr_built,cooling_yn,senior_community_yn,style,county,new_construction_yn,has_hoa,pred_log_price,pred_price,error_dollar,error_pct
4535 SW Saum Way,https://www.redfin.com/OR/Tualatin/4535-SW-Saum-Way-97062/home/25979387,760000,4,3.0,2977,No,1992,No,No,Single Family Residential,Clackamas County,No,No,13.608558051429501,813058.2640249964,53058.26402499643,6.981350529604794
8824 SW Talawa Dr,https://www.redfin.com/OR/Tualatin/8824-SW-Talawa-Dr-97062/home/26705762,645000,3,2.5,2052,No,1978,Yes,No,Single Family Residential,Washington County,No,No,13.35028597876251,627994.0549481858,-17005.945051814197,-2.6365806281882476
5105 SW Greenwood Cir,https://www.redfin.com/OR/Tualatin/5105-SW-Greenwood-Cir-97062/home/26022197,745000,4,2.5,2558,No,1989,Yes,No,Single Family Residential,Clackamas County,No,No,13.65759335463204,853920.480811975,108920.48081197497,14.620198766708048
22305 SW Taylors Dr,https://www.redfin.com/OR/Tualatin/22305-SW-Taylors-Dr-97062/home/25787556,666888,3,2.5,2504,No,1996,Yes,No,Single Family Residential,Washington County,No,No,13.477197337245062,712971.9353384192,46083.93533841916,6.910296082463496
7007 SW Robbins Rd,https://www.redfin.com/OR/Tualatin/7007-SW-Robbins-Rd-97062/home/26558224,850000,3,2.0,1418,Yes,1995,Yes,No,Single Family Residential,Washington County,No,No,13.237694483667282,561122.4791982003,-288877.5208017997,-33.98559068256467
22085 SW Cole Ct,https://www.redfin.com/OR/Tualatin/22085-SW-Cole-Ct-97062/home/26659845,775000,4,2.5,2707,No,1992,Yes,No,Single Family Residential,Washington County,No,No,13.53642370117548,756474.1954420835,-18525.804557916475,-2.3904263945698676
7171 SW Sagert St #105,https://www.redfin.com/OR/Tualatin/7171-SW-Sagert-St-97062/unit-105/home/26711326,326000,2,2.5,1129,No,1996,No,No,Condo/Co-op,Washington County,No,Yes,12.636300621737611,307521.6043278898,-18478.3956721102,-5.668219531322148
8720 SW Tualatin Rd #205,https://www.redfin.com/OR/Tualatin/8720-SW-Tualatin-Rd-97062/unit-205/home/26711160,270000,2,2.0,1022,Yes,1987,No,No,Condo/Co-op,Washington County,No,Yes,12.587010961006513,292731.46352412744,22731.463524127437,8.419060564491643
8316 SW Mohawk St,https://www.redfin.com/OR/Tualatin/8316-SW-Mohawk-St-97062/home/26729457,250000,3,2.0,1112,Yes,1980,No,No,Condo/Co-op,Washington County,No,Yes,12.62852300610213,305139.09661451384,55139.09661451384,22.055638645805534
22830 SW Mandan Dr,https://www.redfin.com/OR/Tualatin/22830-SW-Mandan-Dr-97062/home/26681895,544000,4,2.5,1748,No,1994,Yes,No,Single Family Residential,Washington County,No,No,13.344419303987811,624320.6040741738,80320.60407417384,14.764816925399604
22795 SW 94th Ter,https://www.redfin.com/OR/Tualatin/22795-SW-94th-Ter-97062/home/26697824,565000,3,2.5,1653,No,1995,Yes,No,Single Family Residential,Washington County,No,No,13.295245562044403,594363.0233233192,29363.023323319154,5.196995278463567
8720 SW Tualatin Rd #323,https://www.redfin.com/OR/Tualatin/8720-SW-Tualatin-Rd-97062/unit-323/home/26563812,275000,2,2.0,1087,Yes,1987,No,No,Condo/Co-op,Washington County,No,Yes,12.606207970416554,298405.3184618712,23405.318461871182,8.511024895225884
8720 SW Tualatin Rd #122,https://www.redfin.com/OR/Tualatin/8720-SW-Tualatin-Rd-97062/unit-122/home/25837554,270000,2,2.0,1022,Yes,1987,No,No,Condo/Co-op,Washington County,No,Yes,12.587010961006513,292731.46352412744,22731.463524127437,8.419060564491643
9730 SW Alabama St,https://www.redfin.com/OR/Tualatin/9730-SW-Alabama-St-97062/home/25786178,950000,5,4.0,3765,Yes,2007,Yes,No,Single Family Residential,Washington County,No,No,13.774443288768943,959764.5651862059,9764.565186205902,1.0278489669690423
22442 SW Pinto Dr,https://www.redfin.com/OR/Tualatin/22442-SW-Pinto-Dr-97062/home/26672492,599950,3,2.5,2074,No,1988,Yes,No,Single Family Residential,Washington County,No,No,13.374922439044617,643657.7624380253,43707.762438025326,7.285234175852208
11063 SW Brown St,https://www.redfin.com/OR/Tualatin/11063-SW-Brown-St-97062/home/26715840,679000,4,2.5,2686,No,2005,Yes,No,Single Family Residential,Washington County,No,Yes,13.409172763699555,666085.1296821755,-12914.870317824534,-1.9020427566751892
8232 SW Tygh Loop,https://www.redfin.com/OR/Tualatin/8232-SW-Tygh-Loop-97062/home/26679658,540000,3,2.0,1264,Yes,1983,Yes,No,Single Family Residential,Washington County,No,No,13.173360623362138,526159.997572774,-13840.002427226049,-2.5629634124492684
8793 SW Iroquois Dr,https://www.redfin.com/OR/Tualatin/8793-SW-Iroquois-Dr-97062/home/26663198,699900,4,3.0,2272,No,1980,Yes,No,Single Family Residential,Washington County,No,No,13.428750039784257,679253.7443729992,-20646.25562700082,-2.9498865019289644
20388 SW Boones Ferry Rd,https://www.redfin.com/OR/Tualatin/20388-SW-Boones-Ferry-Rd-97062/home/25751064,485000,3,2.0,1621,Yes,1975,Yes,No,Single Family Residential,Washington County,No,No,13.247677804606623,566752.4008923185,81752.40089231846,16.856165132436796
8980 SW Stono Dr,https://www.redfin.com/OR/Tualatin/8980-SW-Stono-Dr-97062/home/26614871,480000,3,3.0,1697,No,1996,No,No,Single Family Residential,Washington County,No,No,13.1760898718756,527597.9803776058,47597.98037760577,9.916245912001202
18253 SW 133rd Ter,https://www.redfin.com/OR/Tualatin/18253-SW-133rd-Ter-97062/home/26698106,560000,3,2.0,1595,No,1996,Yes,No,Single Family Residential,Washington County,No,No,13.283442658693978,587389.0515224917,27389.051522491733,4.890902057587809
18638 SW 92nd Ter,https://www.redfin.com/OR/Tualatin/18638-SW-92nd-Ter-97062/home/26695604,430000,3,2.5,1774,No,2002,Yes,No,Single Family Residential,Washington County,No,Yes,13.187912815692528,533872.761759786,103872.76175978605,24.156456223206057
22185 SW Martinazzi Ave,https://www.redfin.com/OR/Tualatin/22185-SW-Martinazzi-Ave-97062/home/26712543,629000,4,2.5,2145,No,1993,Yes,No,Single Family Residential,Washington County,No,No,13.428821780403762,679302.476205427,50302.47620542697,7.997214023120344
21519 SW Umpqua Ct,https://www.redfin.com/OR/Tualatin/21519-SW-Umpqua-Ct-97062/home/26571946,596803,3,2.0,1649,No,1976,No,No,Single Family Residential,Washington County,No,No,13.124852814244248,501246.26903035305,-95556.73096964695,-16.011436096944376
8720 SW Tualatin Rd #316,https://www.redfin.com/OR/Tualatin/8720-SW-Tualatin-Rd-97062/unit-316/home/26585546,201100,2,2.0,1038,No,1987,No,No,Condo/Co-op,Washington County,No,Yes,12.591791716949201,294134.29182597686,93034.29182597686,46.26270105717398
7163 SW Sagert St #105,https://www.redfin.com/OR/Tualatin/7163-SW-Sagert-St-97062/unit-105/home/26731245,300000,2,2.5,1129,Yes,1996,No,No,Condo/Co-op,Washington County,No,Yes,12.636300621737611,307521.6043278898,7521.6043278898,2.5072014426299334
17850 SW Shasta,https://www.redfin.com/OR/Tualatin/17850-SW-Shasta-Trl-97062/home/26698480,571000,3,2.0,1678,No,1972,No,No,Single Family Residential,Washington County,No,No,13.12367455079216,500656.01667573507,-70343.98332426493,-12.319436659240795
6215 SW Prosperity Park Rd,https://www.redfin.com/OR/Tualatin/6215-SW-Prosperity-Park-Rd-97062/home/25925728,1075000,3,3.0,3278,Yes,1984,Yes,No,Single Family Residential,Clackamas County,No,No,13.74657817136887,933389.7876060762,-141610.21239392378,-13.173043013388257
9335 SW Quinault Ln,https://www.redfin.com/OR/Tualatin/9335-SW-Quinault-Ln-97062/home/26701978,571000,3,2.5,1683,No,1996,Yes,No,Single Family Residential,Washington County,No,No,13.304288731876433,599762.3256935548,28762.325693554827,5.037184885035872
21090 SW 86th Ct,https://www.redfin.com/OR/Tualatin/21090-SW-86th-Ct-97062/home/26581255,724000,3,2.0,1894,No,1980,Yes,No,Single Family Residential,Washington County,No,No,13.32016717636867,609361.6277989486,-114638.37220105145,-15.834029309537492
19065 SW Tualasaum Dr,https://www.redfin.com/OR/Tualatin/19065-SW-Tualasaum-Dr-97062/home/25947980,471000,2,1.0,884,Yes,1945,No,No,Single Family Residential,Clackamas County,No,No,12.980233495537957,433754.28776779136,-37245.712232208636,-7.907794529131346
20275 SW Comanche Ter,https://www.redfin.com/OR/Tualatin/20275-SW-Comanche-Ter-97062/home/25825113,639000,3,2.0,1988,No,1995,Yes,No,Single Family Residential,Washington County,No,No,13.37061623966785,640892.0030121909,1892.0030121909222,0.296088108324088
21415 SW 78th Ave,https://www.redfin.com/OR/Tualatin/21415-SW-78th-Ave-97062/home/26571738,884000,3,3.0,2647,No,1972,Yes,No,Single Family Residential,Washington County,No,No,13.456240681148742,698185.9017358165,-185814.0982641835,-21.019694373776414
11065 SW Oneida St,https://www.redfin.com/OR/Tualatin/11065-SW-Oneida-St-97062/home/26669463,755000,4,2.5,2804,Yes,2004,Yes,No,Single Family Residential,Washington County,No,Yes,13.428772308718399,679268.8707983225,-75731.12920167751,-10.030613139295035
7137 SW Sagert St #102,https://www.redfin.com/OR/Tualatin/7137-SW-Sagert-St-97062/unit-102/home/26703521,315000,2,2.5,1129,No,1996,No,No,Condo/Co-op,Washington County,No,Yes,12.636300621737611,307521.6043278898,-7478.3956721102,-2.3740938641619684
21565 SW Alsea Ct,https://www.redfin.com/OR/Tualatin/21565-SW-Alsea-Ct-97062/home/26716447,565000,3,2.0,1538,No,1976,Yes,No,Single Family Residential,Washington County,No,No,13.229648504985393,556625.8139875036,-8374.186012496357,-1.4821568163710366
8296 SW Mohawk St,https://www.redfin.com/OR/Tualatin/8296-SW-Mohawk-St-97062/home/25817439,233000,2,1.0,904,No,1980,No,No,Condo/Co-op,Washington County,No,Yes,12.536535953343469,278322.5448354654,45322.54483546538,19.45173598088643
10303 SW Crow Way,https://www.redfin.com/OR/Tualatin/10303-SW-Crow-Way-97062/home/25765380,860000,4,2.5,3406,Yes,2006,Yes,No,Single Family Residential,Washington County,No,No,13.685854397730434,878397.4069609059,18397.40696090588,2.1392333675471953
8815 SW Nisqually Ct,https://www.redfin.com/OR/Tualatin/8815-SW-Nisqually-Ct-97062/home/26571771,630000,4,3.0,2750,No,1973,Yes,No,Single Family Residential,Washington County,No,No,13.50633362147213,734050.8781478611,104050.8781478611,16.516012404422398
20052 SW 72nd Ave,https://www.redfin.com/OR/Tualatin/20052-SW-72nd-Ave-97062/home/26693583,496250,3,2.0,1344,No,1986,Yes,No,Single Family Residential,Washington County,No,No,13.200604956681543,540691.9335252701,44441.933525270084,8.955553355218154
22500 SW Mandan Dr,https://www.redfin.com/OR/Tualatin/22500-SW-Mandan-Dr-97062/home/26666981,489500,4,2.5,1725,No,1994,Yes,No,Single Family Residential,Washington County,No,No,13.339126512910536,621024.9348894346,131524.9348894346,26.869241039721064
11355 SW Kalispell St,https://www.redfin.com/OR/Tualatin/11355-SW-Kalispell-St-97062/home/26691415,580000,4,2.5,2005,No,1995,Yes,No,Single Family Residential,Washington County,No,Yes,13.253981763732032,570336.4699048457,-9663.530095154303,-1.6661258784748798
19253 SW Chesapeake Dr,https://www.redfin.com/OR/Tualatin/19253-SW-Chesapeake-Dr-97062/home/25994672,705000,3,2.5,2339,No,1988,No,No,Single Family Residential,Clackamas County,No,No,13.452598811059845,695647.8238639936,-9352.176136006368,-1.326549806525726
21012 SW Meadow Way,https://www.redfin.com/OR/Tualatin/21012-SW-Meadow-Way-97062/home/25948198,1400000,4,3.0,4094,Yes,1986,Yes,No,Single Family Residential,Clackamas County,No,Yes,13.75937765117705,945413.475672384,-454586.524327616,-32.47046602340114
8468 SW Mohawk St,https://www.redfin.com/OR/Tualatin/8468-SW-Mohawk-St-97062/home/26612470,232000,2,1.0,904,No,1980,No,No,Condo/Co-op,Washington County,No,Yes,12.536535953343469,278322.5448354654,46322.54483546538,19.966614153217837
7175 SW Sagert St #106,https://www.redfin.com/OR/Tualatin/7175-SW-Sagert-St-97062/unit-106/home/26709054,295000,2,2.5,1129,No,1996,No,No,Condo/Co-op,Washington County,No,Yes,12.636300621737611,307521.6043278898,12521.6043278898,4.244611636572813
8755 SW Tachi Ct,https://www.redfin.com/OR/Tualatin/8755-SW-Tachi-Ct-97062/home/26560074,640000,3,2.0,1703,No,1993,Yes,No,Single Family Residential,Washington County,No,No,13.30295240650515,598961.3833599633,-41038.61664003669,-6.412283850005733
23089 SW 89th Ave,https://www.redfin.com/OR/Tualatin/23089-SW-89th-Ave-97062/home/188818773,639900,4,2.0,1946,No,2023,Yes,No,Single Family Residential,Washington County,Yes,Yes,13.297228745634571,595542.9239108041,-44357.07608919591,-6.93187624460008
8720 SW Tualatin Rd #120,https://www.redfin.com/OR/Tualatin/8720-SW-Tualatin-Rd-97062/unit-120/home/26710252,265000,2,2.0,1022,No,1987,No,No,Condo/Co-op,Washington County,No,Yes,12.587010961006513,292731.46352412744,27731.463524127437,10.464703216651863
10950 SW Bannoch St,https://www.redfin.com/OR/Tualatin/10950-SW-Bannoch-St-97062/home/26708707,675000,4,2.5,2516,No,1994,Yes,No,Single Family Residential,Washington County,No,No,13.504575026136632,732761.1141164361,57761.1141164361,8.557202091323868
9600 SW Alabama St,https://www.redfin.com/OR/Tualatin/9600-SW-Alabama-St-97062/home/25809058,1000000,4,3.0,3100,No,2015,Yes,No,Single Family Residential,Washington County,No,No,13.652384321541824,849483.945831522,-150516.054168478,-15.0516054168478
22345 SW Mandan Dr,https://www.redfin.com/OR/Tualatin/22345-SW-Mandan-Dr-97062/home/26626183,689532,3,3.0,3230,No,1998,No,No,Single Family Residential,Washington County,No,No,13.480014850004578,714983.5754434799,25451.57544347993,3.6911376764936117
6189 SW Delker Rd,https://www.redfin.com/OR/Tualatin/6189-SW-Delker-Rd-97062/home/165849749,1287000,4,4.5,4220,Yes,1993,Yes,No,Single Family Residential,Clackamas County,No,No,13.941474545626084,1134241.320865488,-152758.6791345121,-11.869361238112827
22066 SW Grahams Ferry Rd Unit B,https://www.redfin.com/OR/Tualatin/22066-SW-Grahams-Ferry-Rd-97062/unit-B/home/26711419,396900,3,2.5,1484,No,1999,Yes,No,Condo/Co-op,Washington County,No,Yes,12.897242406376469,399209.81363706716,2309.8136370671564,0.5819636273789761
8444 SW Tygh Loop,https://www.redfin.com/OR/Tualatin/8444-SW-Tygh-Loop-97062/home/26708267,580829,3,2.0,1306,No,1981,No,No,Single Family Residential,Washington County,No,No,13.049133524834124,464693.59172014793,-116135.40827985207,-19.994767527078032
8366 SW Mohawk St SW,https://www.redfin.com/OR/Tualatin/8366-SW-Mohawk-St-97062/home/26689040,350000,2,1.0,852,No,1980,Yes,No,Condo/Co-op,Washington County,No,Yes,12.651170076415305,312128.44863612374,-37871.551363876264,-10.82044324682179
9208 SW Sweek Dr,https://www.redfin.com/OR/Tualatin/9208-SW-Sweek-Dr-97062/home/26725499,409000,3,2.5,1480,No,2001,Yes,No,Single Family Residential,Washington County,No,Yes,13.115947173504493,496802.16799178394,87802.16799178394,21.46752273637749
18210 SW Cheyenne Way,https://www.redfin.com/OR/Tualatin/18210-SW-Cheyenne-Way-97062/home/26679246,563000,3,2.0,1736,No,1970,Yes,No,Single Family Residential,Washington County,No,No,13.26460307373714,576426.4750229248,13426.475022924831,2.384809062686471
22493 SW 112th Ave,https://www.redfin.com/OR/Tualatin/22493-SW-112th-Ave-97062/home/25824871,655000,3,2.5,2234,Yes,2004,Yes,No,Single Family Residential,Washington County,No,Yes,13.2906116912233,591615.1933140045,-63384.80668599554,-9.677069723052755
8488 SW Blake St,https://www.redfin.com/OR/Tualatin/8488-SW-Blake-St-97062/home/26733200,507000,3,2.0,1169,No,1983,Yes,No,Single Family Residential,Washington County,No,No,13.147236465989486,512592.5022942986,5592.502294298611,1.1030576517354262
8720 SW Tualatin Rd #116,https://www.redfin.com/OR/Tualatin/8720-SW-Tualatin-Rd-97062/unit-116/home/25864147,260000,2,2.0,1022,Yes,1987,No,No,Condo/Co-op,Washington County,No,Yes,12.587010961006513,292731.46352412744,32731.463524127437,12.589024432356707
10415 SW Rayborn Ct,https://www.redfin.com/OR/Tualatin/10415-SW-Rayborn-Ct-97062/home/104416659,830000,3,3.0,3012,No,2016,Yes,No,Single Family Residential,Washington County,No,No,13.610038902365023,814263.1740417853,-15736.8259582147,-1.896003127495747
7155 SW Sagert St #109,https://www.redfin.com/OR/Tualatin/7155-SW-Sagert-St-97062/unit-109/home/25759480,299000,2,2.5,1129,No,1996,No,No,Condo/Co-op,Washington County,No,Yes,12.636300621737611,307521.6043278898,8521.6043278898,2.850034892270836
23007 SW 104th Ter,https://www.redfin.com/OR/Tualatin/23007-SW-104th-Ter-97062/home/25749162,700000,5,2.5,3070,No,2006,Yes,No,Single Family Residential,Washington County,No,Yes,13.50892941839384,735958.8003757352,35958.800375735154,5.136971482247879
9337 SW Tonopah St,https://www.redfin.com/OR/Tualatin/9337-SW-Tonopah-St-97062/home/25759448,529500,3,2.5,1332,No,1986,No,No,Single Family Residential,Washington County,No,No,13.065994477843711,472595.19562422356,-56904.80437577644,-10.746894121959667
20000 SW 61st Ter,https://www.redfin.com/OR/Tualatin/20000-SW-61st-Ter-97062/home/145567673,825000,4,3.5,3216,No,2018,Yes,No,Single Family Residential,Clackamas County,No,Yes,13.683833000052667,876623.6098609727,51623.609860972734,6.257407255875483
20967 SW Meadow Way,https://www.redfin.com/OR/Tualatin/20967-SW-Meadow-Way-97062/home/25734133,1950000,5,3.5,4875,Yes,1981,Yes,No,Single Family Residential,Clackamas County,No,Yes,13.890404436681647,1077769.7705052204,-872230.2294947796,-44.72975535870665
7187 SW Sagert St #104,https://www.redfin.com/OR/Tualatin/7187-SW-Sagert-St-97062/unit-104/home/26734691,290000,2,2.5,1129,Yes,1996,No,No,Condo/Co-op,Washington County,No,Yes,12.636300621737611,307521.6043278898,17521.6043278898,6.0419325268585515
10055 SW Paulina Dr,https://www.redfin.com/OR/Tualatin/10055-SW-Paulina-Dr-97062/home/26708863,690520,4,2.5,2226,No,1976,Yes,No,Single Family Residential,Washington County,No,No,13.4114517082794,667604.831778882,-22915.168221118045,-3.3185379454784862
22330 SW Mandan Dr,https://www.redfin.com/OR/Tualatin/22330-SW-Mandan-Dr-97062/home/26562991,525000,3,2.0,1442,No,1996,Yes,No,Single Family Residential,Washington County,No,No,13.245779748670774,565677.6933837779,40677.69338377786,7.748132073100546
17335 SW Cheyenne Way,https://www.redfin.com/OR/Tualatin/17335-SW-Cheyenne-Way-97062/home/26715295,625000,3,2.0,1711,No,1972,Yes,No,Single Family Residential,Washington County,No,No,13.262826710523926,575403.441146456,-49596.558853543946,-7.935449416567031
20850 SW 87th Ct,https://www.redfin.com/OR/Tualatin/20850-SW-87th-Ct-97062/home/26664878,595000,5,3.0,2510,No,1974,Yes,No,Single Family Residential,Washington County,No,No,13.492523096944021,723982.9323183266,128982.93231832655,21.67780375097925
8609 SW Logan Ln,https://www.redfin.com/OR/Tualatin/8609-SW-Logan-Ln-97062/home/25764680,725000,4,2.5,2322,No,2006,Yes,No,Single Family Residential,Washington County,No,Yes,13.341370630033776,622420.1525101223,-102579.84748987772,-14.148944481362443
8670 SW Comanche Way,https://www.redfin.com/OR/Tualatin/8670-SW-Comanche-Way-97062/home/26590209,530000,3,2.5,1544,No,1971,Yes,No,Single Family Residential,Washington County,No,No,13.221118362076057,551897.9097646456,21897.90976464562,4.1316810876689845
10677 SW Bannoch St,https://www.redfin.com/OR/Tualatin/10677-SW-Bannoch-St-97062/home/25742035,719900,5,2.5,2421,No,1989,Yes,No,Single Family Residential,Washington County,No,No,13.505321733315562,733308.4764350412,13408.476435041171,1.8625470808502809
7147 SW Sagert St #104,https://www.redfin.com/OR/Tualatin/7147-SW-Sagert-St-97062/unit-104/home/26595144,315000,2,2.5,1129,No,1996,No,No,Condo/Co-op,Washington County,No,Yes,12.636300621737611,307521.6043278898,-7478.3956721102,-2.3740938641619684
21797 SW Oak Hill Ln,https://www.redfin.com/OR/Tualatin/21797-SW-Oak-Hill-Ln-97062/home/143066553,2255000,4,3.5,6904,Yes,1984,Yes,No,Single Family Residential,Clackamas County,No,No,14.271170788239452,1577214.3640261693,-677785.6359738307,-30.057012681766327
21129 SW 90th Ave,https://www.redfin.com/OR/Tualatin/21129-SW-90th-Ave-97062/home/26732178,535000,4,2.5,1906,No,1979,No,No,Single Family Residential,Washington County,No,No,13.21842254862604,550412.0995898247,15412.099589824677,2.880766278471902
8675 SW Sagert St,https://www.redfin.com/OR/Tualatin/8675-SW-Sagert-St-97062/home/26602589,655000,3,2.5,2187,No,2006,Yes,No,Single Family Residential,Washington County,No,No,13.4343857986507,683092.6621319137,28092.662131913705,4.288956050673848
21486 SW Alsea Ct,https://www.redfin.com/OR/Tualatin/21486-SW-Alsea-Ct-97062/home/26610083,569999,3,2.0,1596,Yes,1976,Yes,No,Single Family Residential,Washington County,No,No,13.24369940097929,564502.1103349425,-5496.889665057533,-0.9643682997790406
10354 SW Koso St,https://www.redfin.com/OR/Tualatin/10354-SW-Koso-St-97062/home/25750361,805000,4,2.5,3409,No,2006,Yes,No,Single Family Residential,Washington County,No,Yes,13.53698515906388,756899.0431023603,-48100.95689763967,-5.975274148775115
9885 SW Iowa Dr,https://www.redfin.com/OR/Tualatin/9885-SW-Iowa-Dr-97062/home/77618938,906000,3,2.5,2449,No,2015,Yes,No,Single Family Residential,Washington County,No,No,13.504583056645082,732766.9985843826,-173233.00141561741,-19.120640332849604
9157 SW Talawa Dr,https://www.redfin.com/OR/Tualatin/9157-SW-Talawa-Dr-97062/home/26728747,535000,3,2.0,1192,No,1978,Yes,No,Single Family Residential,Washington County,No,No,13.14365999607232,510762.5050457766,-24237.494954223395,-4.530372888639887
7137 SW Delaware St,https://www.redfin.com/OR/Tualatin/7137-SW-Delaware-St-97062/home/26723319,542000,3,2.0,1470,No,1979,Yes,No,Single Family Residential,Washington County,No,No,13.218830702618567,550636.798338534,8636.798338533961,1.593505228511801
17920 SW 112th Ave,https://www.redfin.com/OR/Tualatin/17920-SW-112th-Ave-97062/home/26703982,595000,4,2.5,1915,Yes,1993,Yes,No,Single Family Residential,Washington County,No,Yes,13.230487901669022,557093.2400002644,-37906.75999973563,-6.370884033569013
21675 SW Aspen Pl,https://www.redfin.com/OR/Tualatin/21675-SW-Aspen-Pl-97062/home/26565779,591000,3,2.5,2165,No,2001,Yes,No,Single Family Residential,Washington County,No,No,13.419867382891681,673246.8843528671,82246.88435286714,13.916562496255017
20046 SW 69th St,https://www.redfin.com/OR/Tualatin/20046-SW-69th-St-97062/home/26658574,670000,3,2.5,1492,No,1987,Yes,No,Single Family Residential,Washington County,No,No,13.240306048122646,562589.801889912,-107410.19811008801,-16.03137285225194
7247 SW Tenino Ln,https://www.redfin.com/OR/Tualatin/7247-SW-Tenino-Ln-97062/home/26703740,636000,3,2.5,2071,No,1985,Yes,No,Single Family Residential,Washington County,No,No,13.36829301383116,639404.794381941,3404.79438194097,0.5353450286070708
7157 SW Sagert St #107,https://www.redfin.com/OR/Tualatin/7157-SW-Sagert-St-97062/unit-107/home/26641004,320000,2,2.5,1129,No,1996,No,No,Condo/Co-op,Washington County,No,Yes,12.636300621737611,307521.6043278898,-12478.3956721102,-3.8994986475344375
8232 SW Shenandoah Way,https://www.redfin.com/OR/Tualatin/8232-SW-Shenandoah-Way-97062/home/26627889,300000,3,1.5,1027,Yes,1972,No,No,Condo/Co-op,Washington County,No,Yes,12.587600594650931,292904.1187404611,-7095.881259538874,-2.3652937531796243
21208 SW Arapaho Ct,https://www.redfin.com/OR/Tualatin/21208-SW-Arapaho-Ct-97062/home/26687220,699900,4,2.5,1969,No,1976,No,No,Single Family Residential,Washington County,No,No,13.226150479433523,554682.1241875822,-145217.87581241783,-20.748374883900247
8875 SW Nisqually,https://www.redfin.com/OR/Tualatin/8875-SW-Nisqually-Ct-97062/home/26728776,569000,4,3.0,1824,No,1972,Yes,No,Single Family Residential,Washington County,No,No,13.317683679425652,607850.1577016653,38850.1577016653,6.827795729642408
9776 SW Tualatin Rd,https://www.redfin.com/OR/Tualatin/9776-SW-Tualatin-Rd-97062/home/26620009,275000,2,1.0,1072,No,1981,No,No,Condo/Co-op,Washington County,No,Yes,12.589834983997845,293559.31228919706,18559.312289197056,6.7488408324352935
9215 SW Stono Dr,https://www.redfin.com/OR/Tualatin/9215-SW-Stono-Dr-97062/home/26683153,670000,3,2.5,2254,No,1995,Yes,No,Single Family Residential,Washington County,No,No,13.426029921393406,677408.6044081411,7408.604408141109,1.1057618519613595
9495 SW Cherry Ln,https://www.redfin.com/OR/Tualatin/9495-SW-Cherry-Ln-97062/home/26665014,655000,4,2.5,2251,No,1996,Yes,No,Condo/Co-op,Washington County,No,Yes,13.09143720056217,484773.5727330491,-170226.4272669509,-25.98876752167189
9280 SW Stono Dr,https://www.redfin.com/OR/Tualatin/9280-SW-Stono-Dr-97062/home/25769983,579999,4,2.5,1857,Yes,1996,Yes,No,Single Family Residential,Washington County,No,No,13.373040040096594,642447.2814046743,62448.281404674286,10.766963633501831
13464 SW Ute St,https://www.redfin.com/OR/Tualatin/13464-SW-Ute-St-97062/home/26691599,500000,3,2.0,1737,No,1996,No,No,Single Family Residential,Washington County,No,No,13.18534695445787,532504.6742480864,32504.674248086405,6.5009348496172805
8285 SW Chelan St,https://www.redfin.com/OR/Tualatin/8285-SW-Chelan-St-97062/home/26687789,489000,3,1.0,1034,No,1981,Yes,No,Single Family Residential,Washington County,No,No,13.10421361073823,491006.97419466224,2006.974194662238,0.41042417068757425
6323 SW Delker Rd,https://www.redfin.com/OR/Tualatin/6323-SW-Delker-Rd-97062/home/165857677,2325000,5,3.5,4191,Yes,1984,Yes,No,Single Family Residential,Clackamas County,No,No,13.94827293126755,1141978.6014838023,-1183021.3985161977,-50.88264079639559
21867 SW Dakota Dr,https://www.redfin.com/OR/Tualatin/21867-SW-Dakota-Dr-97062/home/26594962,499000,3,2.0,1521,No,1980,Yes,No,Single Family Residential,Washington County,No,No,13.233476786523903,558760.8184065463,59760.818406546256,11.976115913135523
24411 SW Stafford Rd,https://www.redfin.com/OR/Tualatin/24411-SW-Stafford-Rd-97062/home/25911760,815000,4,2.0,2034,Yes,1970,Yes,No,Single Family Residential,Clackamas County,No,No,13.514570900452354,740122.4322283061,-74877.56777169392,-9.187431628428703
20918 SW Winema Ct,https://www.redfin.com/OR/Tualatin/20918-SW-Winema-Ct-97062/home/26689187,566000,3,2.5,1728,Yes,1978,Yes,No,Single Family Residential,Washington County,No,No,13.278753054126792,584640.8781036383,18640.8781036383,3.2934413610668374
8294 SW Mohawk St,https://www.redfin.com/OR/Tualatin/8294-SW-Mohawk-St-97062/home/26664334,227500,2,1.0,904,No,1980,No,No,Condo/Co-op,Washington County,No,Yes,12.536535953343469,278322.5448354654,50822.54483546538,22.33958014745731
9435 SW Siletz Dr,https://www.redfin.com/OR/Tualatin/9435-SW-Siletz-Dr-97062/home/26689642,575000,4,3.0,2210,No,1978,Yes,No,Single Family Residential,Washington County,No,No,13.41219218564721,668099.3611187517,93099.3611187517,16.191193238043773
21172 SW Iroquois Dr,https://www.redfin.com/OR/Tualatin/21172-SW-Iroquois-Dr-97062/home/26730593,552500,3,2.0,1386,No,1979,Yes,No,Single Family Residential,Washington County,No,No,13.19751232814013,539022.357239875,-13477.642760124989,-2.4393923547737537
7380 SW Norwood Rd,https://www.redfin.com/OR/Tualatin/7380-SW-Norwood-Rd-97062/home/26556360,1526000,6,5.0,5616,Yes,2003,Yes,No,Single Family Residential,Washington County,No,No,14.055981464429713,1271847.9307391953,-254152.06926080468,-16.654788287077633
10345 SW 103rd Ct,https://www.redfin.com/OR/Tualatin/10345-SW-103rd-Ct-97062/home/26684318,660000,3,2.5,1698,No,1976,Yes,No,Single Family Residential,Washington County,No,No,13.267803859076833,578274.448338827,-81725.551661173,-12.382659342601968
